Workbook

Sheet Start Here
A1: Freelance Project Tracker
A3: Track clients, projects and tasks in one place, with an automatic overview of what is overdue and what is due next.
A5: Quick start
A6: 1. Delete the SAMPLE rows on Clients, Projects and Tasks (see below).
A7: 2. Add your clients on "Clients" - give each a unique Client ID (e.g. C-001).
A8: 3. Add projects on "Projects" - give each a unique Project ID (e.g. P-001) and pick the Client ID from the drop-down. The client name fills in automatically.
A9: 4. Add tasks on "Tasks" - pick the Project ID, status and priority from the drop-downs, and enter a due date. When a task is finished set its status to Done and enter the done date.
A10: 5. Check "Overview" for counts, overdue work and upcoming deadlines.
A12: IMPORTANT - sample data
A13: The 5 clients, 7 projects and 21 tasks supplied are fictional SAMPLE data (names end in "(sample)" or notes say SAMPLE). Delete them before use.
A14: How to delete: select the sample rows inside each table, right-click and choose Delete > Table Rows. Do this on Tasks first, then Projects, then Clients.
A16: Sheet guide
... A38: The workbook uses only standard functions (COUNTIFS, SUMIFS, INDEX, MATCH, IFERROR, TODAY and similar) - no macros, no external links, no dynamic-array functions.

Sheet Overview
A1: Overview
A3: Report date (=TODAY() by default; type a date to override) | B3: =TODAY() -> 46323
A4: Upcoming window (days) | B4: 14
A6: Tasks by status | E6: Projects by status
A7: Status | B7: Tasks | C7: Share | E7: Status | F7: Projects
A8: Not started | B8: =COUNTIFS(Tasks!$A$5:$A$1000,"<>",Tasks!$D$5:$D$1000,$A8) -> 7 | C8: =IF($B$22=0,0,B8/$B$22) -> 0.33333333 | E8: Planned | F8: =COUNTIFS(Projects!$A$5:$A$1000,"<>",Projects!$H$5:$H$1000,$E8) -> 1
A9: In progress | B9: =COUNTIFS(Tasks!$A$5:$A$1000,"<>",Tasks!$D$5:$D$1000,$A9) -> 4 | C9: =IF($B$22=0,0,B9/$B$22) -> 0.19047619 | E9: Active | F9: =COUNTIFS(Projects!$A$5:$A$1000,"<>",Projects!$H$5:$H$1000,$E9) -> 3
A10: Blocked | B10: =COUNTIFS(Tasks!$A$5:$A$1000,"<>",Tasks!$D$5:$D$1000,$A10) -> 2 | C10: =IF($B$22=0,0,B10/$B$22) -> 0.095238095 | E10: On hold | F10: =COUNTIFS(Projects!$A$5:$A$1000,"<>",Projects!$H$5:$H$1000,$E10) -> 1
A11: Done | B11: =COUNTIFS(Tasks!$A$5:$A$1000,"<>",Tasks!$D$5:$D$1000,$A11) -> 8 | C11: =IF($B$22=0,0,B11/$B$22) -> 0.38095238 | E11: Completed | F11: =COUNTIFS(Projects!$A$5:$A$1000,"<>",Projects!$H$5:$H$1000,$E11) -> 1
E12: Cancelled | F12: =COUNTIFS(Projects!$A$5:$A$1000,"<>",Projects!$H$5:$H$1000,$E12) -> 1
A13: Tasks by priority | E13: Projects by priority
A14: Priority | B14: All tasks | C14: Open tasks | E14: Priority | F14: All | G14: Open
A15: Low | B15: =COUNTIFS(Tasks!$A$5:$A$1000,"<>",Tasks!$E$5:$E$1000,$A15) -> 4 | C15: =COUNTIFS(Tasks!$A$5:$A$1000,"<>",Tasks!$D$5:$D$1000,"<>Done",Tasks!$E$5:$E$1000,$A15) -> 1 | E15: Low | F15: =COUNTIFS(Projects!$A$5:$A$1000,"<>",Projects!$I$5:$I$1000,$E15) -> 2 | G15: =COUNTIFS(Projects!$A$5:$A$1000,"<>",Projects!$H$5:$H$1000,"<>Completed",Projects!$H$5:$H$1000,"<>Cancelled",Projects!$I$5:$I$1000,$E15) -> 0
A16: Medium | B16: =COUNTIFS(Tasks!$A$5:$A$1000,"<>",Tasks!$E$5:$E$1000,$A16) -> 7 | C16: =COUNTIFS(Tasks!$A$5:$A$1000,"<>",Tasks!$D$5:$D$1000,"<>Done",Tasks!$E$5:$E$1000,$A16) -> 4 | E16: Medium | F16: =COUNTIFS(Projects!$A$5:$A$1000,"<>",Projects!$I$5:$I$1000,$E16) -> 2 | G16: =COUNTIFS(Projects!$A$5:$A$1000,"<>",Projects!$H$5:$H$1000,"<>Completed",Projects!$H$5:$H$1000,"<>Cancelled",Projects!$I$5:$I$1000,$E16) -> 2
A17: High | B17: =COUNTIFS(Tasks!$A$5:$A$1000,"<>",Tasks!$E$5:$E$1000,$A17) -> 7 | C17: =COUNTIFS(Tasks!$A$5:$A$1000,"<>",Tasks!$D$5:$D$1000,"<>Done",Tasks!$E$5:$E$1000,$A17) -> 5 | E17: High | F17: =COUNTIFS(Projects!$A$5:$A$1000,"<>",Projects!$I$5:$I$1000,$E17) -> 2 | G17: =COUNTIFS(Projects!$A$5:$A$1000,"<>",Projects!$H$5:$H$1000,"<>Completed",Projects!$H$5:$H$1000,"<>Cancelled",Projects!$I$5:$I$1000,$E17) -> 2
A18: Urgent | B18: =COUNTIFS(Tasks!$A$5:$A$1000,"<>",Tasks!$E$5:$E$1000,$A18) -> 3 | C18: =COUNTIFS(Tasks!$A$5:$A$1000,"<>",Tasks!$D$5:$D$1000,"<>Done",Tasks!$E$5:$E$1000,$A18) -> 3 | E18: Urgent | F18: =COUNTIFS(Projects!$A$5:$A$1000,"<>",Projects!$I$5:$I$1000,$E18) -> 1 | G18: =COUNTIFS(Projects!$A$5:$A$1000,"<>",Projects!$H$5:$H$1000,"<>Completed",Projects!$H$5:$H$1000,"<>Cancelled",Projects!$I$5:$I$1000,$E18) -> 1
A20: Key metrics
A21: Metric | B21: Value
A22: Total tasks | B22: =COUNTIFS(Tasks!$A$5:$A$1000,"<>") -> 21
A23: Open tasks (not Done) | B23: =COUNTIFS(Tasks!$A$5:$A$1000,"<>",Tasks!$D$5:$D$1000,"<>Done") -> 13
A24: Overdue tasks | B24: =COUNTIFS(Tasks!$A$5:$A$1000,"<>",Tasks!$D$5:$D$1000,"<>Done",Tasks!$F$5:$F$1000,"<"&$B$3) -> 3
A25: ="Open tasks due in the next "&$B$4&" days" -> Open tasks due in the next 14 days | B25: =COUNTIFS(Tasks!$A$5:$A$1000,"<>",Tasks!$D$5:$D$1000,"<>Done",Tasks!$F$5:$F$1000,">="&$B$3,Tasks!$F$5:$F$1000,"<="&($B$3+$B$4)) -> 5
A26: Most overdue task (days) | B26: =MAX(0,MAX(Tasks!$H$5:$H$1000)) -> 12
A27: ="Tasks completed in the last "&$B$4&" days" -> Tasks completed in the last 14 days | B27: =COUNTIFS(Tasks!$A$5:$A$1000,"<>",Tasks!$D$5:$D$1000,"Done",Tasks!$G$5:$G$1000,">="&($B$3-$B$4),Tasks!$G$5:$G$1000,"<="&$B$3) -> 0
A28: Open projects (not Completed / Cancelled) | B28: =COUNTIFS(Projects!$A$5:$A$1000,"<>",Projects!$H$5:$H$1000,"<>Completed",Projects!$H$5:$H$1000,"<>Cancelled") -> 5
A29: Open projects past deadline | B29: =COUNTIFS(Projects!$A$5:$A$1000,"<>",Projects!$H$5:$H$1000,"<>Completed",Projects!$H$5:$H$1000,"<>Cancelled",Projects!$F$5:$F$1000,"<"&$B$3) -> 0
A30: ="Project deadlines in the next "&$B$4&" days" -> Project deadlines in the next 14 days | B30: =COUNTIFS(Projects!$A$5:$A$1000,"<>",Projects!$H$5:$H$1000,"<>Completed",Projects!$H$5:$H$1000,"<>Cancelled",Projects!$F$5:$F$1000,">="&$B$3,Projects!$F$5:$F$1000,"<="&($B$3+$B$4)) -> 2
A31: Budget of open projects | B31: =SUMIFS(Projects!$G$5:$G$1000,Projects!$A$5:$A$1000,"<>",Projects!$H$5:$H$1000,"<>Completed",Projects!$H$5:$H$1000,"<>Cancelled") -> 14650
A32: Average % complete of open projects | B32: =IF(B28=0,0,SUMIFS(Projects!$J$5:$J$1000,Projects!$A$5:$A$1000,"<>",Projects!$H$5:$H$1000,"<>Completed",Projects!$H$5:$H$1000,"<>Cancelled")/B28) -> 0.23

Sheet Clients
A1: Clients
A2: SAMPLE DATA: rows 5-9 are fictional. Delete them (select rows > right-click > Delete > Table Rows) before use.
A4: Client ID | B4: Client name | C4: Contact person | D4: Email | E4: Notes
A5: C-001 | B5: Maple & Finch Interiors (sample) | C5: Jordan Ellery | D5: jordan@maplefinch.example | E5: SAMPLE - Prefers email; invoices monthly
A6: C-002 | B6: Copperleaf Cafe (sample) | C6: Priya Hollis | D6: priya@copperleaf.example | E6: SAMPLE - Weekly check-in on Mondays
A7: C-003 | B7: Fernhill Physio (sample) | C7: Marcus Dunmore | D7: marcus@fernhill.example | E7: SAMPLE - Needs accessible booking flow
A8: C-004 | B8: Northgate Community Library (sample) | C8: Ada Penrose | D8: ada@northgate.example | E8: SAMPLE - Purchase order required
A9: C-005 | B9: Brightwater Dental (sample) | C9: Leo Ashcombe | D9: leo@brightwater.example | E9: SAMPLE - Retainer client

Sheet Projects
A1: Projects
A2: SAMPLE DATA: rows 5-11 are fictional. Delete them before use. Shaded columns are calculated.
A4: Project ID | B4: Project name | C4: Client ID | D4: Client name | E4: Start date | F4: Deadline | G4: Budget | H4: Status | I4: Priority | J4: % complete | K4: Days to deadline
A5: P-001 | B5: Website refresh (sample) | C5: C-001 | D5: =IF($C5="","",IFERROR(INDEX(Clients!$B$5:$B$1000,MATCH($C5,Clients!$A$5:$A$1000,0)),"Unknown client ID")) -> Maple & Finch Interiors (sample) | E5: 46266 | F5: 46336 | G5: 4200 | H5: Active | I5: High | J5: =IF($A5="","",IF(COUNTIFS(Tasks!$B$5:$B$1000,$A5,Tasks!$A$5:$A$1000,"<>")=0,0,COUNTIFS(Tasks!$B$5:$B$1000,$A5,Tasks!$A$5:$A$1000,"<>",Tasks!$D$5:$D$1000,"Done")/COUNTIFS(Tasks!$B$5:$B$1000,$A5,Tasks!$A$5:$A$1000,"<>"))) -> 0.4 | K5: =IF(OR($A5="",$F5=""),"",$F5-Overview!$B$3) -> 13
A6: P-002 | B6: Brand guidelines (sample) | C6: C-002 | D6: =IF($C6="","",IFERROR(INDEX(Clients!$B$5:$B$1000,MATCH($C6,Clients!$A$5:$A$1000,0)),"Unknown client ID")) -> Copperleaf Cafe (sample) | E6: 46280 | F6: 46325 | G6: 1800 | H6: Active | I6: Urgent | J6: =IF($A6="","",IF(COUNTIFS(Tasks!$B$5:$B$1000,$A6,Tasks!$A$5:$A$1000,"<>")=0,0,COUNTIFS(Tasks!$B$5:$B$1000,$A6,Tasks!$A$5:$A$1000,"<>",Tasks!$D$5:$D$1000,"Done")/COUNTIFS(Tasks!$B$5:$B$1000,$A6,Tasks!$A$5:$A$1000,"<>"))) -> 0.5 | K6: =IF(OR($A6="",$F6=""),"",$F6-Overview!$B$3) -> 2
A7: P-003 | B7: Booking app prototype (sample) | C7: C-003 | D7: =IF($C7="","",IFERROR(INDEX(Clients!$B$5:$B$1000,MATCH($C7,Clients!$A$5:$A$1000,0)),"Unknown client ID")) -> Fernhill Physio (sample) | E7: 46300 | F7: 46371 | G7: 6500 | H7: Active | I7: Medium | J7: =IF($A7="","",IF(COUNTIFS(Tasks!$B$5:$B$1000,$A7,Tasks!$A$5:$A$1000,"<>")=0,0,COUNTIFS(Tasks!$B$5:$B$1000,$A7,Tasks!$A$5:$A$1000,"<>",Tasks!$D$5:$D$1000,"Done")/COUNTIFS(Tasks!$B$5:$B$1000,$A7,Tasks!$A$5:$A$1000,"<>"))) -> 0.25 | K7: =IF(OR($A7="",$F7=""),"",$F7-Overview!$B$3) -> 48
A8: P-004 | B8: SEO audit (sample) | C8: C-001 | D8: =IF($C8="","",IFERROR(INDEX(Clients!$B$5:$B$1000,MATCH($C8,Clients!$A$5:$A$1000,0)),"Unknown client ID")) -> Maple & Finch Interiors (sample) | E8: 46235 | F8: 46280 | G8: 900 | H8: Completed | I8: Low | J8: =IF($A8="","",IF(COUNTIFS(Tasks!$B$5:$B$1000,$A8,Tasks!$A$5:$A$1000,"<>")=0,0,COUNTIFS(Tasks!$B$5:$B$1000,$A8,Tasks!$A$5:$A$1000,"<>",Tasks!$D$5:$D$1000,"Done")/COUNTIFS(Tasks!$B$5:$B$1000,$A8,Tasks!$A$5:$A$1000,"<>"))) -> 0.66666667 | K8: =IF(OR($A8="",$F8=""),"",$F8-Overview!$B$3) -> -43
A9: P-005 | B9: Newsletter templates (sample) | C9: C-004 | D9: =IF($C9="","",IFERROR(INDEX(Clients!$B$5:$B$1000,MATCH($C9,Clients!$A$5:$A$1000,0)),"Unknown client ID")) -> Northgate Community Library (sample) | E9: 46315 | F9: 46340 | G9: 750 | H9: Planned | I9: Medium | J9: =IF($A9="","",IF(COUNTIFS(Tasks!$B$5:$B$1000,$A9,Tasks!$A$5:$A$1000,"<>")=0,0,COUNTIFS(Tasks!$B$5:$B$1000,$A9,Tasks!$A$5:$A$1000,"<>",Tasks!$D$5:$D$1000,"Done")/COUNTIFS(Tasks!$B$5:$B$1000,$A9,Tasks!$A$5:$A$1000,"<>"))) -> 0 | K9: =IF(OR($A9="",$F9=""),"",$F9-Overview!$B$3) -> 17
A10: P-006 | B10: Photo edits (sample) | C10: C-005 | D10: =IF($C10="","",IFERROR(INDEX(Clients!$B$5:$B$1000,MATCH($C10,Clients!$A$5:$A$1000,0)),"Unknown client ID")) -> Brightwater Dental (sample) | E10: 46213 | F10: 46264 | G10: 1200 | H10: Cancelled | I10: Low | J10: =IF($A10="","",IF(COUNTIFS(Tasks!$B$5:$B$1000,$A10,Tasks!$A$5:$A$1000,"<>")=0,0,COUNTIFS(Tasks!$B$5:$B$1000,$A10,Tasks!$A$5:$A$1000,"<>",Tasks!$D$5:$D$1000,"Done")/COUNTIFS(Tasks!$B$5:$B$1000,$A10,Tasks!$A$5:$A$1000,"<>"))) -> 1 | K10: =IF(OR($A10="",$F10=""),"",$F10-Overview!$B$3) -> -59
A11: P-007 | B11: Social media kit (sample) | C11: C-002 | D11: =IF($C11="","",IFERROR(INDEX(Clients!$B$5:$B$1000,MATCH($C11,Clients!$A$5:$A$1000,0)),"Unknown client ID")) -> Copperleaf Cafe (sample) | E11: 46327 | F11: 46361 | G11: 1400 | H11: On hold | I11: High | J11: =IF($A11="","",IF(COUNTIFS(Tasks!$B$5:$B$1000,$A11,Tasks!$A$5:$A$1000,"<>")=0,0,COUNTIFS(Tasks!$B$5:$B$1000,$A11,Tasks!$A$5:$A$1000,"<>",Tasks!$D$5:$D$1000,"Done")/COUNTIFS(Tasks!$B$5:$B$1000,$A11,Tasks!$A$5:$A$1000,"<>"))) -> 0 | K11: =IF(OR($A11="",$F11=""),"",$F11-Overview!$B$3) -> 38
D12: =IF($C12="","",IFERROR(INDEX(Clients!$B$5:$B$1000,MATCH($C12,Clients!$A$5:$A$1000,0)),"Unknown client ID")) | J12: =IF($A12="","",IF(COUNTIFS(Tasks!$B$5:$B$1000,$A12,Tasks!$A$5:$A$1000,"<>")=0,0,COUNTIFS(Tasks!$B$5:$B$1000,$A12,Tasks!$A$5:$A$1000,"<>",Tasks!$D$5:$D$1000,"Done")/COUNTIFS(Tasks!$B$5:$B$1000,$A12,Tasks!$A$5:$A$1000,"<>"))) | K12: =IF(OR($A12="",$F12=""),"",$F12-Overview!$B$3)
D13: =IF($C13="","",IFERROR(INDEX(Clients!$B$5:$B$1000,MATCH($C13,Clients!$A$5:$A$1000,0)),"Unknown client ID")) | J13: =IF($A13="","",IF(COUNTIFS(Tasks!$B$5:$B$1000,$A13,Tasks!$A$5:$A$1000,"<>")=0,0,COUNTIFS(Tasks!$B$5:$B$1000,$A13,Tasks!$A$5:$A$1000,"<>",Tasks!$D$5:$D$1000,"Done")/COUNTIFS(Tasks!$B$5:$B$1000,$A13,Tasks!$A$5:$A$1000,"<>"))) | K13: =IF(OR($A13="",$F13=""),"",$F13-Overview!$B$3)
D14: =IF($C14="","",IFERROR(INDEX(Clients!$B$5:$B$1000,MATCH($C14,Clients!$A$5:$A$1000,0)),"Unknown client ID")) | J14: =IF($A14="","",IF(COUNTIFS(Tasks!$B$5:$B$1000,$A14,Tasks!$A$5:$A$1000,"<>")=0,0,COUNTIFS(Tasks!$B$5:$B$1000,$A14,Tasks!$A$5:$A$1000,"<>",Tasks!$D$5:$D$1000,"Done")/COUNTIFS(Tasks!$B$5:$B$1000,$A14,Tasks!$A$5:$A$1000,"<>"))) | K14: =IF(OR($A14="",$F14=""),"",$F14-Overview!$B$3)
D15: =IF($C15="","",IFERROR(INDEX(Clients!$B$5:$B$1000,MATCH($C15,Clients!$A$5:$A$1000,0)),"Unknown client ID")) | J15: =IF($A15="","",IF(COUNTIFS(Tasks!$B$5:$B$1000,$A15,Tasks!$A$5:$A$1000,"<>")=0,0,COUNTIFS(Tasks!$B$5:$B$1000,$A15,Tasks!$A$5:$A$1000,"<>",Tasks!$D$5:$D$1000,"Done")/COUNTIFS(Tasks!$B$5:$B$1000,$A15,Tasks!$A$5:$A$1000,"<>"))) | K15: =IF(OR($A15="",$F15=""),"",$F15-Overview!$B$3)
D16: =IF($C16="","",IFERROR(INDEX(Clients!$B$5:$B$1000,MATCH($C16,Clients!$A$5:$A$1000,0)),"Unknown client ID")) | J16: =IF($A16="","",IF(COUNTIFS(Tasks!$B$5:$B$1000,$A16,Tasks!$A$5:$A$1000,"<>")=0,0,COUNTIFS(Tasks!$B$5:$B$1000,$A16,Tasks!$A$5:$A$1000,"<>",Tasks!$D$5:$D$1000,"Done")/COUNTIFS(Tasks!$B$5:$B$1000,$A16,Tasks!$A$5:$A$1000,"<>"))) | K16: =IF(OR($A16="",$F16=""),"",$F16-Overview!$B$3)
D17: =IF($C17="","",IFERROR(INDEX(Clients!$B$5:$B$1000,MATCH($C17,Clients!$A$5:$A$1000,0)),"Unknown client ID")) | J17: =IF($A17="","",IF(COUNTIFS(Tasks!$B$5:$B$1000,$A17,Tasks!$A$5:$A$1000,"<>")=0,0,COUNTIFS(Tasks!$B$5:$B$1000,$A17,Tasks!$A$5:$A$1000,"<>",Tasks!$D$5:$D$1000,"Done")/COUNTIFS(Tasks!$B$5:$B$1000,$A17,Tasks!$A$5:$A$1000,"<>"))) | K17: =IF(OR($A17="",$F17=""),"",$F17-Overview!$B$3)
D18: =IF($C18="","",IFERROR(INDEX(Clients!$B$5:$B$1000,MATCH($C18,Clients!$A$5:$A$1000,0)),"Unknown client ID")) | J18: =IF($A18="","",IF(COUNTIFS(Tasks!$B$5:$B$1000,$A18,Tasks!$A$5:$A$1000,"<>")=0,0,COUNTIFS(Tasks!$B$5:$B$1000,$A18,Tasks!$A$5:$A$1000,"<>",Tasks!$D$5:$D$1000,"Done")/COUNTIFS(Tasks!$B$5:$B$1000,$A18,Tasks!$A$5:$A$1000,"<>"))) | K18: =IF(OR($A18="",$F18=""),"",$F18-Overview!$B$3)
D19: =IF($C19="","",IFERROR(INDEX(Clients!$B$5:$B$1000,MATCH($C19,Clients!$A$5:$A$1000,0)),"Unknown client ID")) | J19: =IF($A19="","",IF(COUNTIFS(Tasks!$B$5:$B$1000,$A19,Tasks!$A$5:$A$1000,"<>")=0,0,COUNTIFS(Tasks!$B$5:$B$1000,$A19,Tasks!$A$5:$A$1000,"<>",Tasks!$D$5:$D$1000,"Done")/COUNTIFS(Tasks!$B$5:$B$1000,$A19,Tasks!$A$5:$A$1000,"<>"))) | K19: =IF(OR($A19="",$F19=""),"",$F19-Overview!$B$3)
D20: =IF($C20="","",IFERROR(INDEX(Clients!$B$5:$B$1000,MATCH($C20,Clients!$A$5:$A$1000,0)),"Unknown client ID")) | J20: =IF($A20="","",IF(COUNTIFS(Tasks!$B$5:$B$1000,$A20,Tasks!$A$5:$A$1000,"<>")=0,0,COUNTIFS(Tasks!$B$5:$B$1000,$A20,Tasks!$A$5:$A$1000,"<>",Tasks!$D$5:$D$1000,"Done")/COUNTIFS(Tasks!$B$5:$B$1000,$A20,Tasks!$A$5:$A$1000,"<>"))) | K20: =IF(OR($A20="",$F20=""),"",$F20-Overview!$B$3)
D21: =IF($C21="","",IFERROR(INDEX(Clients!$B$5:$B$1000,MATCH($C21,Clients!$A$5:$A$1000,0)),"Unknown client ID")) | J21: =IF($A21="","",IF(COUNTIFS(Tasks!$B$5:$B$1000,$A21,Tasks!$A$5:$A$1000,"<>")=0,0,COUNTIFS(Tasks!$B$5:$B$1000,$A21,Tasks!$A$5:$A$1000,"<>",Tasks!$D$5:$D$1000,"Done")/COUNTIFS(Tasks!$B$5:$B$1000,$A21,Tasks!$A$5:$A$1000,"<>"))) | K21: =IF(OR($A21="",$F21=""),"",$F21-Overview!$B$3)
D22: =IF($C22="","",IFERROR(INDEX(Clients!$B$5:$B$1000,MATCH($C22,Clients!$A$5:$A$1000,0)),"Unknown client ID")) | J22: =IF($A22="","",IF(COUNTIFS(Tasks!$B$5:$B$1000,$A22,Tasks!$A$5:$A$1000,"<>")=0,0,COUNTIFS(Tasks!$B$5:$B$1000,$A22,Tasks!$A$5:$A$1000,"<>",Tasks!$D$5:$D$1000,"Done")/COUNTIFS(Tasks!$B$5:$B$1000,$A22,Tasks!$A$5:$A$1000,"<>"))) | K22: =IF(OR($A22="",$F22=""),"",$F22-Overview!$B$3)
D23: =IF($C23="","",IFERROR(INDEX(Clients!$B$5:$B$1000,MATCH($C23,Clients!$A$5:$A$1000,0)),"Unknown client ID")) | J23: =IF($A23="","",IF(COUNTIFS(Tasks!$B$5:$B$1000,$A23,Tasks!$A$5:$A$1000,"<>")=0,0,COUNTIFS(Tasks!$B$5:$B$1000,$A23,Tasks!$A$5:$A$1000,"<>",Tasks!$D$5:$D$1000,"Done")/COUNTIFS(Tasks!$B$5:$B$1000,$A23,Tasks!$A$5:$A$1000,"<>"))) | K23: =IF(OR($A23="",$F23=""),"",$F23-Overview!$B$3)
... D1000: =IF($C1000="","",IFERROR(INDEX(Clients!$B$5:$B$1000,MATCH($C1000,Clients!$A$5:$A$1000,0)),"Unknown client ID")) | J1000: =IF($A1000="","",IF(COUNTIFS(Tasks!$B$5:$B$1000,$A1000,Tasks!$A$5:$A$1000,"<>")=0,0,COUNTIFS(Tasks!$B$5:$B$1000,$A1000,Tasks!$A$5:$A$1000,"<>",Tasks!$D$5:$D$1000,"Done")/COUNTIFS(Tasks!$B$5:$B$1000,$A1000,Tasks!$A$5:$A$1000,"<>"))) | K1000: =IF(OR($A1000="",$F1000=""),"",$F1000-Overview!$B$3)

Sheet Tasks
A1: Tasks
A2: SAMPLE DATA: rows 5-25 are fictional. Delete them before use. "Days overdue" is calculated against the report date on Overview.
A4: Task | B4: Project ID | C4: Owner | D4: Status | E4: Priority | F4: Due date | G4: Done date | H4: Days overdue
A5: Content audit (sample) | B5: P-001 | C5: Me | D5: Done | E5: Medium | F5: 46277 | G5: 46276 | H5: =IF(OR($A5="",$F5=""),"",IF($D5="Done",0,MAX(0,Overview!$B$3-$F5))) -> 0
A6: Wireframes (sample) | B6: P-001 | C6: Me | D6: Done | E6: High | F6: 46291 | G6: 46294 | H6: =IF(OR($A6="",$F6=""),"",IF($D6="Done",0,MAX(0,Overview!$B$3-$F6))) -> 0
A7: Homepage design (sample) | B7: P-001 | C7: Sam (contractor) | D7: In progress | E7: High | F7: 46315 | H7: =IF(OR($A7="",$F7=""),"",IF($D7="Done",0,MAX(0,Overview!$B$3-$F7))) -> 8
A8: Build page templates (sample) | B8: P-001 | C8: Me | D8: In progress | E8: High | F8: 46331 | H8: =IF(OR($A8="",$F8=""),"",IF($D8="Done",0,MAX(0,Overview!$B$3-$F8))) -> 0
A9: Launch checklist (sample) | B9: P-001 | C9: Me | D9: Not started | E9: Medium | F9: 46335 | H9: =IF(OR($A9="",$F9=""),"",IF($D9="Done",0,MAX(0,Overview!$B$3-$F9))) -> 0
A10: Moodboard (sample) | B10: P-002 | C10: Me | D10: Done | E10: Medium | F10: 46290 | G10: 46289 | H10: =IF(OR($A10="",$F10=""),"",IF($D10="Done",0,MAX(0,Overview!$B$3-$F10))) -> 0
A11: Logo refinements (sample) | B11: P-002 | C11: Alex (contractor) | D11: Done | E11: High | F11: 46305 | G11: 46307 | H11: =IF(OR($A11="",$F11=""),"",IF($D11="Done",0,MAX(0,Overview!$B$3-$F11))) -> 0
A12: Colour & type spec (sample) | B12: P-002 | C12: Me | D12: Blocked | E12: Urgent | F12: 46319 | H12: =IF(OR($A12="",$F12=""),"",IF($D12="Done",0,MAX(0,Overview!$B$3-$F12))) -> 4
A13: Guidelines PDF (sample) | B13: P-002 | C13: Me | D13: Not started | E13: Urgent | F13: 46324 | H13: =IF(OR($A13="",$F13=""),"",IF($D13="Done",0,MAX(0,Overview!$B$3-$F13))) -> 0
A14: Discovery call notes (sample) | B14: P-003 | C14: Me | D14: Done | E14: Low | F14: 46302 | G14: 46302 | H14: =IF(OR($A14="",$F14=""),"",IF($D14="Done",0,MAX(0,Overview!$B$3-$F14))) -> 0
A15: User flows (sample) | B15: P-003 | C15: Me | D15: In progress | E15: High | F15: 46323 | H15: =IF(OR($A15="",$F15=""),"",IF($D15="Done",0,MAX(0,Overview!$B$3-$F15))) -> 0
A16: Clickable prototype (sample) | B16: P-003 | C16: Sam (contractor) | D16: Not started | E16: High | F16: 46346 | H16: =IF(OR($A16="",$F16=""),"",IF($D16="Done",0,MAX(0,Overview!$B$3-$F16))) -> 0
A17: Usability test (sample) | B17: P-003 | C17: Me | D17: Not started | E17: Medium | F17: 46360 | H17: =IF(OR($A17="",$F17=""),"",IF($D17="Done",0,MAX(0,Overview!$B$3-$F17))) -> 0
A18: Crawl report (sample) | B18: P-004 | C18: Me | D18: Done | E18: Low | F18: 46249 | G18: 46248 | H18: =IF(OR($A18="",$F18=""),"",IF($D18="Done",0,MAX(0,Overview!$B$3-$F18))) -> 0
A19: Recommendations document (sample) | B19: P-004 | C19: Me | D19: Done | E19: Medium | F19: 46275 | G19: 46277 | H19: =IF(OR($A19="",$F19=""),"",IF($D19="Done",0,MAX(0,Overview!$B$3-$F19))) -> 0
A20: Template wireframes (sample) | B20: P-005 | C20: Me | D20: Not started | E20: Medium | F20: 46330 | H20: =IF(OR($A20="",$F20=""),"",IF($D20="Done",0,MAX(0,Overview!$B$3-$F20))) -> 0
A21: Test sends (sample) | B21: P-005 | C21: Me | D21: Not started | E21: Low | F21: 46338 | H21: =IF(OR($A21="",$F21=""),"",IF($D21="Done",0,MAX(0,Overview!$B$3-$F21))) -> 0
A22: Select images (sample) | B22: P-006 | C22: Me | D22: Done | E22: Low | F22: 46223 | G22: 46223 | H22: =IF(OR($A22="",$F22=""),"",IF($D22="Done",0,MAX(0,Overview!$B$3-$F22))) -> 0
A23: Content calendar (sample) | B23: P-007 | C23: Alex (contractor) | D23: Blocked | E23: Medium | F23: 46351 | H23: =IF(OR($A23="",$F23=""),"",IF($D23="Done",0,MAX(0,Overview!$B$3-$F23))) -> 0
A24: Template set (sample) | B24: P-007 | C24: Me | D24: Not started | E24: High | F24: 46358 | H24: =IF(OR($A24="",$F24=""),"",IF($D24="Done",0,MAX(0,Overview!$B$3-$F24))) -> 0
A25: Invoice final payment (sample) | B25: P-004 | C25: Me | D25: In progress | E25: Urgent | F25: 46311 | H25: =IF(OR($A25="",$F25=""),"",IF($D25="Done",0,MAX(0,Overview!$B$3-$F25))) -> 12
H26: =IF(OR($A26="",$F26=""),"",IF($D26="Done",0,MAX(0,Overview!$B$3-$F26)))
H27: =IF(OR($A27="",$F27=""),"",IF($D27="Done",0,MAX(0,Overview!$B$3-$F27)))
H28: =IF(OR($A28="",$F28=""),"",IF($D28="Done",0,MAX(0,Overview!$B$3-$F28)))
H29: =IF(OR($A29="",$F29=""),"",IF($D29="Done",0,MAX(0,Overview!$B$3-$F29)))
H30: =IF(OR($A30="",$F30=""),"",IF($D30="Done",0,MAX(0,Overview!$B$3-$F30)))
H31: =IF(OR($A31="",$F31=""),"",IF($D31="Done",0,MAX(0,Overview!$B$3-$F31)))
H32: =IF(OR($A32="",$F32=""),"",IF($D32="Done",0,MAX(0,Overview!$B$3-$F32)))
H33: =IF(OR($A33="",$F33=""),"",IF($D33="Done",0,MAX(0,Overview!$B$3-$F33)))
H34: =IF(OR($A34="",$F34=""),"",IF($D34="Done",0,MAX(0,Overview!$B$3-$F34)))
H35: =IF(OR($A35="",$F35=""),"",IF($D35="Done",0,MAX(0,Overview!$B$3-$F35)))
H36: =IF(OR($A36="",$F36=""),"",IF($D36="Done",0,MAX(0,Overview!$B$3-$F36)))
H37: =IF(OR($A37="",$F37=""),"",IF($D37="Done",0,MAX(0,Overview!$B$3-$F37)))
... H1000: =IF(OR($A1000="",$F1000=""),"",IF($D1000="Done",0,MAX(0,Overview!$B$3-$F1000)))
